<prezi xsi:schemaLocation="http://prezi.com/schema/prezi/2 http://prezi.com/schema/prezi/2" xmlns:xsi="http://www.w3.org/2001/XMLSchema-instance" version="2" xmlns="http://prezi.com/schema/prezi/2"><xFields><xField name="preziType"><xEnum type="PreziType" value="converted-from-core"/></xField></xFields><aspectRatio><aspectRatio value="16:9"/></aspectRatio><background><background><layers><array><backgroundImage><depth><double value="69.06515622322351"/></depth><fadeScale><double value="0.0318539784792413"/></fadeScale><width><double value="960"/></width><height><double value="540"/></height><onlineAssetId><string value="4960695102"/></onlineAssetId><onlineAssetUrl><string value="http://0103.static.prezi.com.s3.amazonaws.com/media/3/2/8/a2ddd6c3e24017babdeadf12299ad01349190.png"/></onlineAssetUrl><assetSourceFilename><string value="abstract-1780277_960_720.png"/></assetSourceFilename><localToWorld><transform2D x="-1196.797067834358" y="0" scale="236.9996164447084" rotation="0"/></localToWorld></backgroundImage></array></layers></background></background><documentStyle><documentStyle><fontClasses><array><fontClass><fontFamily><string value="WayRale"/></fontFamily><name><string value="body"/></name></fontClass><fontClass><fontFamily><string value="WayRale"/></fontFamily><fontWeight><fontWeight value="bold"/></fontWeight><name><string value="head"/></name></fontClass><fontClass><fontFamily><string value="WayRale"/></fontFamily><fontWeight><fontWeight value="bold"/></fontWeight><name><string value="strong"/></name></fontClass></array></fontClasses><fontFamilies><array><fontFamily><fontFaces><array><fontFace><fontSrc><string value="WayRale-Regular.keg"/></fontSrc></fontFace><fontFace><fontSrc><string value="WayRale-Bold.keg"/></fontSrc><fontWeight><fontWeight value="bold"/></fontWeight></fontFace><fontFace><fontSrc><string value="WayRale-Bold.keg"/></fontSrc><fontWeight><fontWeight value="bold"/></fontWeight></fontFace><fontFace><fontSrc><string value="WayRale-Italic.keg"/></fontSrc><fontStyle><fontStyle value="italic"/></fontStyle></fontFace><fontFace><fontSrc><string value="WayRale-BoldItalic.keg"/></fontSrc><fontStyle><fontStyle value="italic"/></fontStyle><fontWeight><fontWeight value="bold"/></fontWeight></fontFace></array></fontFaces><name><string value="WayRale"/></name></fontFamily></array></fontFamilies><styleDeclarations><array><styleDeclaration><styleBlock><styleBlock><gradEndAlpha><double value="0.7"/></gradEndAlpha><gradStartAlpha><double value="0.5"/></gradStartAlpha></styleBlock></styleBlock><styleSelector><simpleSelector value="zCircle"/></styleSelector></styleDeclaration><styleDeclaration><styleBlock><styleBlock><color><color value="#000000"/></color><gradEndColor><color value="#000000"/></gradEndColor><gradStartColor><color value="#000000"/></gradStartColor><fillType><fillType value="linear"/></fillType></styleBlock></styleBlock><styleSelector><simpleSelector value="*.line1"/></styleSelector></styleDeclaration><styleDeclaration><styleBlock><styleBlock><color><color value="#666666"/></color><gradEndColor><color value="#666666"/></gradEndColor><gradStartColor><color value="#666666"/></gradStartColor><fillType><fillType value="linear"/></fillType></styleBlock></styleBlock><styleSelector><simpleSelector value="*.line2"/></styleSelector></styleDeclaration><styleDeclaration><styleBlock><styleBlock><color><color value="#FFFFFF"/></color><gradEndColor><color value="#FFFFFF"/></gradEndColor><gradStartColor><color value="#FFFFFF"/></gradStartColor><fillType><fillType value="linear"/></fillType></styleBlock></styleBlock><styleSelector><simpleSelector value="*.line3"/></styleSelector></styleDeclaration><styleDeclaration><styleBlock><styleBlock><color><color value="#318BFF"/></color><gradEndColor><color value="#318BFF"/></gradEndColor><gradStartColor><color value="#318BFF"/></gradStartColor><fillType><fillType value="linear"/></fillType></styleBlock></styleBlock><styleSelector><simpleSelector value="*.line4"/></styleSelector></styleDeclaration><styleDeclaration><styleBlock><styleBlock><color><color value="#EF4C33"/></color><gradEndColor><color value="#F16A21"/></gradEndColor><gradStartColor><color value="#EF4C33"/></gradStartColor><fillType><fillType value="linear"/></fillType></styleBlock></styleBlock><styleSelector><simpleSelector value="*.line5"/></styleSelector></styleDeclaration><styleDeclaration><styleBlock><styleBlock><color><color value="#27AAE1"/></color><gradEndColor><color value="#000000"/></gradEndColor><gradStartColor><color value="#000000"/></gradStartColor><fillType><fillType value="linear"/></fillType></styleBlock></styleBlock><styleSelector><simpleSelector value="*.poly1"/></styleSelector></styleDeclaration><styleDeclaration><styleBlock><styleBlock><color><color value="#27AAE1"/></color><gradEndColor><color value="#666666"/></gradEndColor><gradStartColor><color value="#666666"/></gradStartColor><fillType><fillType value="linear"/></fillType></styleBlock></styleBlock><styleSelector><simpleSelector value="*.poly2"/></styleSelector></styleDeclaration><styleDeclaration><styleBlock><styleBlock><color><color value="#27AAE1"/></color><gradEndColor><color value="#FFFFFF"/></gradEndColor><gradStartColor><color value="#FFFFFF"/></gradStartColor><fillType><fillType value="linear"/></fillType></styleBlock></styleBlock><styleSelector><simpleSelector value="*.poly3"/></styleSelector></styleDeclaration><styleDeclaration><styleBlock><styleBlock><color><color value="#27AAE1"/></color><gradEndColor><color value="#318BFF"/></gradEndColor><gradStartColor><color value="#318BFF"/></gradStartColor><fillType><fillType value="linear"/></fillType></styleBlock></styleBlock><styleSelector><simpleSelector value="*.poly4"/></styleSelector></styleDeclaration><styleDeclaration><styleBlock><styleBlock><color><color value="#27AAE1"/></color><gradEndColor><color value="#F16A21"/></gradEndColor><gradStartColor><color value="#EF4C33"/></gradStartColor><fillType><fillType value="linear"/></fillType></styleBlock></styleBlock><styleSelector><simpleSelector value="*.poly5"/></styleSelector></styleDeclaration><styleDeclaration><styleBlock><styleBlock><gradEndColor><color value="#27AAE1"/></gradEndColor><gradStartColor><color value="#27AAE1"/></gradStartColor><fillType><fillType value="linear"/></fillType></styleBlock></styleBlock><styleSelector><simpleSelector value="background"/></styleSelector></styleDeclaration><styleDeclaration><styleBlock><styleBlock><gradEndAlpha><double value="1"/></gradEndAlpha><gradEndColor><color value="#FFFFFF"/></gradEndColor><gradStartAlpha><double value="1"/></gradStartAlpha><gradStartColor><color value="#FFFFFF"/></gradStartColor><fillType><fillType value="linear"/></fillType><borderAlpha><double value="0"/></borderAlpha><borderThickness><double value="0"/></borderThickness><thickness><double value="10"/></thickness></styleBlock></styleBlock><styleSelector><simpleSelector value="zArrow"/></styleSelector></styleDeclaration><styleDeclaration><styleBlock><styleBlock><gradEndAlpha><double value="1"/></gradEndAlpha><gradStartAlpha><double value="1"/></gradStartAlpha><borderAlpha><double value="0"/></borderAlpha><radius><double value="0"/></radius><thickness><double value="100"/></thickness></styleBlock></styleBlock><styleSelector><simpleSelector value="zCircle"/></styleSelector></styleDeclaration><styleDeclaration><styleBlock><styleBlock><color><color value="#FFFFFF"/></color></styleBlock></styleBlock><styleSelector><simpleSelector value="zPencil"/></styleSelector></styleDeclaration><styleDeclaration><styleBlock><styleBlock><gradEndAlpha><double value="1"/></gradEndAlpha><gradEndColor><color value="#000000"/></gradEndColor><gradStartAlpha><double value="1"/></gradStartAlpha><gradStartColor><color value="#000000"/></gradStartColor><fillType><fillType value="linear"/></fillType><borderAlpha><double value="0"/></borderAlpha><borderColor><color value="#333333"/></borderColor><borderThickness><double value="0"/></borderThickness><padding><double value="1.03"/></padding><thickness><double value="5"/></thickness></styleBlock></styleBlock><styleSelector><simpleSelector value="zBracketFrame"/></styleSelector></styleDeclaration><styleDeclaration><styleBlock><styleBlock><gradEndAlpha><double value="1"/></gradEndAlpha><gradEndColor><color value="#FFFFFF"/></gradEndColor><gradStartAlpha><double value="1"/></gradStartAlpha><gradStartColor><color value="#FFFFFF"/></gradStartColor><fillType><fillType value="linear"/></fillType><borderAlpha><double value="0"/></borderAlpha><borderColor><color value="#333333"/></borderColor><borderThickness><double value="0"/></borderThickness><padding><double value="1.03"/></padding><thickness><double value="100"/></thickness></styleBlock></styleBlock><styleSelector><simpleSelector value="zCircleFrame"/></styleSelector></styleDeclaration><styleDeclaration><styleBlock><styleBlock><gradEndAlpha><double value="0.7"/></gradEndAlpha><gradEndColor><color value="#FFFFFF"/></gradEndColor><gradStartAlpha><double value="0.7"/></gradStartAlpha><gradStartColor><color value="#FFFFFF"/></gradStartColor><fillType><fillType value="linear"/></fillType><borderAlpha><double value="0"/></borderAlpha><borderColor><color value="#000000"/></borderColor><borderThickness><double value="0"/></borderThickness><padding><double value="1.03"/></padding><radius><double value="1"/></radius><thickness><double value="3"/></thickness></styleBlock></styleBlock><styleSelector><simpleSelector value="zRectangleFrame"/></styleSelector></styleDeclaration><styleDeclaration><styleBlock><styleBlock><padding><double value="1.2"/></padding></styleBlock></styleBlock><styleSelector><simpleSelector value="zText"/></styleSelector></styleDeclaration><styleDeclaration><styleBlock><styleBlock><color><color value="#000000"/></color><fontClass><string value="body"/></fontClass></styleBlock></styleBlock><styleSelector><simpleSelector value="zText.body"/></styleSelector></styleDeclaration><styleDeclaration><styleBlock><styleBlock><backgroundAlpha><double value="0.9"/></backgroundAlpha><backgroundColor><color value="#CCCCCC"/></backgroundColor><backgroundPadding><double value="6"/></backgroundPadding></styleBlock></styleBlock><styleSelector><simpleSelector value="zText.body-background"/></styleSelector></styleDeclaration><styleDeclaration><styleBlock><styleBlock><color><color value="#FFFFFF"/></color><fontClass><string value="head"/></fontClass></styleBlock></styleBlock><styleSelector><simpleSelector value="zText.title"/></styleSelector></styleDeclaration><styleDeclaration><styleBlock><styleBlock><backgroundAlpha><double value="1"/></backgroundAlpha><backgroundColor><color value="#000000"/></backgroundColor><backgroundPadding><double value="6"/></backgroundPadding></styleBlock></styleBlock><styleSelector><simpleSelector value="zText.title-background"/></styleSelector></styleDeclaration><styleDeclaration><styleBlock><styleBlock><color><color value="#000000"/></color><fontClass><string value="strong"/></fontClass></styleBlock></styleBlock><styleSelector><simpleSelector value="zText.subtitle"/></styleSelector></styleDeclaration><styleDeclaration><styleBlock><styleBlock><backgroundAlpha><double value="1"/></backgroundAlpha><backgroundColor><color value="#318BFF"/></backgroundColor><backgroundPadding><double value="6"/></backgroundPadding></styleBlock></styleBlock><styleSelector><simpleSelector value="zText.subtitle-background"/></styleSelector></styleDeclaration><styleDeclaration><styleBlock><styleBlock><color><color value="#FFFFFF"/></color></styleBlock></styleBlock><styleSelector><simpleSelector value="zLine"/></styleSelector></styleDeclaration><styleDeclaration><styleBlock><styleBlock><color><color value="#E80B76"/></color><alpha><double value="0.65"/></alpha></styleBlock></styleBlock><styleSelector><simpleSelector value="zMarker"/></styleSelector></styleDeclaration><styleDeclaration><styleBlock><styleBlock><gradEndAlpha><double value="1"/></gradEndAlpha><gradStartAlpha><double value="1"/></gradStartAlpha><borderAlpha><double value="0"/></borderAlpha><radius><double value="0"/></radius><thickness><double value="100"/></thickness></styleBlock></styleBlock><styleSelector><simpleSelector value="zTriangle"/></styleSelector></styleDeclaration><styleDeclaration><styleBlock><styleBlock><gradEndAlpha><double value="1"/></gradEndAlpha><gradStartAlpha><double value="1"/></gradStartAlpha><borderAlpha><double value="0"/></borderAlpha><radius><double value="0"/></radius><thickness><double value="100"/></thickness></styleBlock></styleBlock><styleSelector><simpleSelector value="zSquare"/></styleSelector></styleDeclaration><styleDeclaration><styleBlock><styleBlock><xFields><xField name="deprecatedBackgroundPaddingHorizontal"><xJust><xDouble value="6"/></xJust></xField><xField name="deprecatedBackgroundPaddingVertical"><xJust><xDouble value="6"/></xJust></xField></xFields></styleBlock></styleBlock><styleSelector><simpleSelector value="#151_30863873"/></styleSelector></styleDeclaration><styleDeclaration><styleBlock><styleBlock><color><color value="#FFFFFF"/></color><gradEndAlpha><double value="1"/></gradEndAlpha><gradEndColor><color value="#FFFFFF"/></gradEndColor><gradStartAlpha><double value="1"/></gradStartAlpha><gradStartColor><color value="#FFFFFF"/></gradStartColor><fillType><fillType value="linear"/></fillType><thickness><double value="8"/></thickness></styleBlock></styleBlock><styleSelector><simpleSelector value="#21"/></styleSelector></styleDeclaration><styleDeclaration><styleBlock><styleBlock><color><color value="#FFFFFF"/></color><gradEndAlpha><double value="1"/></gradEndAlpha><gradEndColor><color value="#FFFFFF"/></gradEndColor><gradStartAlpha><double value="1"/></gradStartAlpha><gradStartColor><color value="#FFFFFF"/></gradStartColor><fillType><fillType value="linear"/></fillType><thickness><double value="8"/></thickness></styleBlock></styleBlock><styleSelector><simpleSelector value="#22"/></styleSelector></styleDeclaration><styleDeclaration><styleBlock><styleBlock><color><color value="#FFFFFF"/></color><gradEndAlpha><double value="1"/></gradEndAlpha><gradEndColor><color value="#FFFFFF"/></gradEndColor><gradStartAlpha><double value="1"/></gradStartAlpha><gradStartColor><color value="#FFFFFF"/></gradStartColor><fillType><fillType value="linear"/></fillType><thickness><double value="8"/></thickness></styleBlock></styleBlock><styleSelector><simpleSelector value="#23"/></styleSelector></styleDeclaration><styleDeclaration><styleBlock><styleBlock><color><color value="#FFFFFF"/></color><gradEndAlpha><double value="1"/></gradEndAlpha><gradEndColor><color value="#FFFFFF"/></gradEndColor><gradStartAlpha><double value="1"/></gradStartAlpha><gradStartColor><color value="#FFFFFF"/></gradStartColor><fillType><fillType value="linear"/></fillType><thickness><double value="8"/></thickness></styleBlock></styleBlock><styleSelector><simpleSelector value="#24"/></styleSelector></styleDeclaration><styleDeclaration><styleBlock><styleBlock><color><color value="#FFFFFF"/></color><gradEndAlpha><double value="1"/></gradEndAlpha><gradEndColor><color value="#FFFFFF"/></gradEndColor><gradStartAlpha><double value="1"/></gradStartAlpha><gradStartColor><color value="#FFFFFF"/></gradStartColor><fillType><fillType value="linear"/></fillType><thickness><double value="8"/></thickness></styleBlock></styleBlock><styleSelector><simpleSelector value="#25"/></styleSelector></styleDeclaration><styleDeclaration><styleBlock><styleBlock><color><color value="#FFFFFF"/></color><gradEndAlpha><double value="1"/></gradEndAlpha><gradEndColor><color value="#FFFFFF"/></gradEndColor><gradStartAlpha><double value="1"/></gradStartAlpha><gradStartColor><color value="#FFFFFF"/></gradStartColor><fillType><fillType value="linear"/></fillType><thickness><double value="8"/></thickness></styleBlock></styleBlock><styleSelector><simpleSelector value="#26"/></styleSelector></styleDeclaration><styleDeclaration><styleBlock><styleBlock><color><color value="#FFFFFF"/></color><gradEndAlpha><double value="1"/></gradEndAlpha><gradEndColor><color value="#FFFFFF"/></gradEndColor><gradStartAlpha><double value="1"/></gradStartAlpha><gradStartColor><color value="#FFFFFF"/></gradStartColor><fillType><fillType value="linear"/></fillType><thickness><double value="8"/></thickness></styleBlock></styleBlock><styleSelector><simpleSelector value="#28"/></styleSelector></styleDeclaration><styleDeclaration><styleBlock><styleBlock><color><color value="#FFFFFF"/></color><gradEndAlpha><double value="1"/></gradEndAlpha><gradEndColor><color value="#FFFFFF"/></gradEndColor><gradStartAlpha><double value="1"/></gradStartAlpha><gradStartColor><color value="#FFFFFF"/></gradStartColor><fillType><fillType value="linear"/></fillType><thickness><double value="8"/></thickness></styleBlock></styleBlock><styleSelector><simpleSelector value="#29"/></styleSelector></styleDeclaration><styleDeclaration><styleBlock><styleBlock><color><color value="#FFFFFF"/></color><gradEndAlpha><double value="1"/></gradEndAlpha><gradEndColor><color value="#FFFFFF"/></gradEndColor><gradStartAlpha><double value="1"/></gradStartAlpha><gradStartColor><color value="#FFFFFF"/></gradStartColor><fillType><fillType value="linear"/></fillType><thickness><double value="8"/></thickness></styleBlock></styleBlock><styleSelector><simpleSelector value="#40"/></styleSelector></styleDeclaration><styleDeclaration><styleBlock><styleBlock><color><color value="#FFFFFF"/></color><gradEndAlpha><double value="1"/></gradEndAlpha><gradEndColor><color value="#FFFFFF"/></gradEndColor><gradStartAlpha><double value="1"/></gradStartAlpha><gradStartColor><color value="#FFFFFF"/></gradStartColor><fillType><fillType value="linear"/></fillType><thickness><double value="8"/></thickness></styleBlock></styleBlock><styleSelector><simpleSelector value="#54"/></styleSelector></styleDeclaration></array></styleDeclarations></documentStyle></documentStyle><path><array><flyToObject><target><ref value="0"/></target></flyToObject><flyToObject><target><ref value="37_158621475"/></target></flyToObject><flyToObject><target><ref value="34_158621475"/></target></flyToObject><flyToObject><target><ref value="0_168595491"/></target></flyToObject><flyToObject><target><ref value="2_168595491"/></target></flyToObject><flyToObject><target><ref value="51_30863873"/></target></flyToObject><flyToObject><target><ref value="44_30863873"/></target></flyToObject><flyToObject><target><ref value="6_168595491"/></target></flyToObject><flyToObject><target><ref value="39"/></target></flyToObject><flyToObject><target><ref value="62_30863873"/></target></flyToObject><flyToObject><target><ref value="3"/></target></flyToObject><flyToObject><target><ref value="8"/></target></flyToObject><flyToObject><target><ref value="7_168595491"/></target></flyToObject><flyToObject><target><ref value="73_30863873"/></target></flyToObject><flyToObject><target><ref value="9"/></target></flyToObject><flyToObject><target><ref value="12_168595491"/></target></flyToObject><flyToObject><target><ref value="67_30863873"/></target></flyToObject><flyToObject><target><ref value="14"/></target></flyToObject><flyToObject><target><ref value="15_168595491"/></target></flyToObject><flyToObject><target><ref value="23_168595491"/></target></flyToObject><flyToObject><target><ref value="27_168595491"/></target></flyToObject><flyToObject><target><ref value="10_168595491"/></target></flyToObject><flyToObject><target><ref value="30_168595491"/></target></flyToObject><flyToObject><target><ref value="0"/></target></flyToObject></array></path><zObjects><array><zLine><id><string value="54"/></id><localToWorld><transform2D x="-6802.93351860613" y="-2002.4678823659444" scale="38.38586652278461" rotation="0.5235987755982983"/></localToWorld><startEndDistance><double value="-189.17930587049975"/></startEndDistance><styleClasses><array><token value="line3"/></array></styleClasses></zLine><zInvisibleFrame><id><string value="0"/></id><localToWorld><transform2D x="-1204.3919541080031" y="0" scale="28.70113121833591" rotation="0"/></localToWorld><styleClasses><array><token value="invisible"/></array></styleClasses><width><double value="1485.949977297806"/></width><height><double value="1556.972410474084"/></height></zInvisibleFrame><zLine><id><string value="26"/></id><localToWorld><transform2D x="-5376.477721645333" y="16624.377122655063" scale="39.16925155386182" rotation="-1.6080387142810835"/></localToWorld><startEndDistance><double value="-60.718883301171886"/></startEndDistance><styleClasses><array><token value="line3"/></array></styleClasses></zLine><zLine><id><string value="25"/></id><localToWorld><transform2D x="-11126.97726717799" y="16572.90717814501" scale="39.16925155386183" rotation="1.5304536440556324"/></localToWorld><startEndDistance><double value="59.93039706878119"/></startEndDistance><styleClasses><array><token value="line3"/></array></styleClasses></zLine><zLine><id><string value="28"/></id><localToWorld><transform2D x="5192.389046617838" y="5133.311383256543" scale="39.16925155386182" rotation="0.48612725722035"/></localToWorld><startEndDistance><double value="125.23121135421812"/></startEndDistance><styleClasses><array><token value="line3"/></array></styleClasses></zLine><zLine><id><string value="22"/></id><localToWorld><transform2D x="-11589.521893573949" y="11045.16896253739" scale="39.169251553861784" rotation="1.3089969389957474"/></localToWorld><startEndDistance><double value="68.12705892179349"/></startEndDistance><styleClasses><array><token value="line3"/></array></styleClasses></zLine><zLine><id><string value="23"/></id><localToWorld><transform2D x="-7965.07404384408" y="10949.913955349744" scale="39.16925155386181" rotation="0.7853981633974483"/></localToWorld><startEndDistance><double value="133.61317671763592"/></startEndDistance><styleClasses><array><token value="line3"/></array></styleClasses></zLine><zLine><id><string value="21"/></id><localToWorld><transform2D x="-15845.78298187649" y="10502.504235095405" scale="39.169251553861784" rotation="-0.9006604879355428"/></localToWorld><startEndDistance><double value="-108.92764476877201"/></startEndDistance><styleClasses><array><token value="line3"/></array></styleClasses></zLine><zLine><id><string value="24"/></id><localToWorld><transform2D x="-17807.49598693605" y="16456.12260274578" scale="39.16925155386182" rotation="1.5335539393087128"/></localToWorld><startEndDistance><double value="66.29799318878818"/></startEndDistance><styleClasses><array><token value="line3"/></array></styleClasses></zLine><zInvisibleFrame><id><string value="37_158621475"/></id><localToWorld><transform2D x="-601.1923387886778" y="-12393.97772510388" scale="8.305674292333105" rotation="0"/></localToWorld><styleClasses><array><token value="invisible"/></array></styleClasses><width><double value="2133.7886455841985"/></width><height><double value="1850.8903975987837"/></height></zInvisibleFrame><zCircleFrame><id><string value="54_30863873"/></id><localToWorld><transform2D x="-300.35" y="-11452.65" scale="17.552276428617635" rotation="0"/></localToWorld><styleClasses><array><token value="circle"/></array></styleClasses><width><double value="800"/></width><height><double value="800"/></height></zCircleFrame><zCircleFrame><id><string value="51_30863873"/></id><localToWorld><transform2D x="-597.2937742199565" y="1854.0162373235855" scale="11.08909830447801" rotation="0"/></localToWorld><styleClasses><array><token value="circle"/></array></styleClasses><width><double value="800"/></width><height><double value="800"/></height></zCircleFrame><zText><id><string value="52_30863873"/></id><text><text><width>242.42444099072375</width><p align="center"><span><![CDATA[APPROACH]]></span></p></text></text><localToWorld><transform2D x="-922.2149789043302" y="-1139.5196787811003" scale="29.580535834430886" rotation="-2.7955420617360885E-33"/></localToWorld><styleClasses><array><token value="subtitle"/></array></styleClasses></zText><zImage><id><string value="16"/></id><width><double value="375"/></width><height><double value="360"/></height><localToWorld><transform2D x="3141.8500000000004" y="-8713.300000000001" scale="9.14939818408915" rotation="0"/></localToWorld><onlineAssetId><string value="4960378734"/></onlineAssetId><onlineAssetUrl><string value="http://0103.static.prezi.com.s3.amazonaws.com/media/4/c/2/360709789f2e67704f04f302b30a99b4f0995.png"/></onlineAssetUrl><assetSourceFilename><string value="hadoop-history.png"/></assetSourceFilename></zImage><zText><id><string value="53_30863873"/></id><text><text><width>503.1723043123796</width><p><span><![CDATA[The project focuses on the implementation of Page Rank Algorithm on the flight data to come up with a flight network that can be used to apply analytics.]]></span></p><p><span><![CDATA[Our approach for the project is divided into the following tasks:]]></span></p><p><span><![CDATA[ ]]></span></p><p><span><![CDATA[1. Hadoop Cluster Formation: Setting up hadoop clusters for storing and analyzing huge data in a distributed manner. ]]></span></p><p/><p><span><![CDATA[2. Implementing the PageRank algorithm on Flight Dataset. ]]></span></p></text></text><localToWorld><transform2D x="-383.1742960581394" y="2139.027580430401" scale="14.105636259958729" rotation="-4.8450026272627935E-33"/></localToWorld><styleClasses><array><token value="body"/></array></styleClasses></zText><zInvisibleFrame><id><string value="34_158621475"/></id><localToWorld><transform2D x="2748.229001844468" y="-17574.40755993889" scale="8.305674292333105" rotation="0"/></localToWorld><styleClasses><array><token value="invisible"/></array></styleClasses><width><double value="803.0098140934642"/></width><height><double value="802.6184458999342"/></height></zInvisibleFrame><zCircleFrame><id><string value="62_30863873"/></id><localToWorld><transform2D x="-11950.039870655904" y="5913.879922622651" scale="9.682768164640276" rotation="0"/></localToWorld><styleClasses><array><token value="circle"/></array></styleClasses><width><double value="800"/></width><height><double value="800"/></height></zCircleFrame><zSwfGraphics><id><string value="28_158621475"/></id><width><double value="12"/></width><height><double value="12"/></height><localToWorld><transform2D x="-14021.899928509678" y="4077.370502868294" scale="20.721331850950502" rotation="-0.1390160203530844"/></localToWorld><onlineAssetId><string value="4183255592"/></onlineAssetId><onlineAssetUrl><string value="http://0103.static.prezi.com.s3.amazonaws.com/media/a/3/7/42d15f5d96e05179626d789d9ceac9338ecd1.swf"/></onlineAssetUrl><assetSourceFilename><string value="prezi_template_csillag_feher.swf"/></assetSourceFilename></zSwfGraphics><zSwfGraphics><id><string value="60_158621475"/></id><width><double value="69"/></width><height><double value="78"/></height><localToWorld><transform2D x="2648.2223132783133" y="-17499.466542019036" scale="66.13338510453293" rotation="0.6479044792318216"/></localToWorld><onlineAssetId><string value="4219694495"/></onlineAssetId><onlineAssetUrl><string value="http://0103.static.prezi.com.s3.amazonaws.com/media/7/3/e/e5d5808177d91babf8135f850ecaf67231013.swf"/></onlineAssetUrl><assetSourceFilename><string value="prezi_template_bubble_black.swf"/></assetSourceFilename></zSwfGraphics><zSwfGraphics><id><string value="26_158621475"/></id><width><double value="12"/></width><height><double value="12"/></height><localToWorld><transform2D x="2105.2616192601013" y="-16041.251142313842" scale="37.730171491115264" rotation="-0.010557913695277454"/></localToWorld><onlineAssetId><string value="4183255592"/></onlineAssetId><onlineAssetUrl><string value="http://0103.static.prezi.com.s3.amazonaws.com/media/a/3/7/42d15f5d96e05179626d789d9ceac9338ecd1.swf"/></onlineAssetUrl><assetSourceFilename><string value="prezi_template_csillag_feher.swf"/></assetSourceFilename></zSwfGraphics><zSwfGraphics><id><string value="27_158621475"/></id><width><double value="59"/></width><height><double value="66"/></height><localToWorld><transform2D x="2813.9606799370144" y="-15983.822287320763" scale="7.669337324241351" rotation="-0.010557913695277274"/></localToWorld><onlineAssetId><string value="4182282968"/></onlineAssetId><onlineAssetUrl><string value="http://0103.static.prezi.com.s3.amazonaws.com/media/4/a/9/83edfd5a79ae3b744aba7207f58301a3babdb.swf"/></onlineAssetUrl><assetSourceFilename><string value="prezi_template_buborek_korvonal.swf"/></assetSourceFilename></zSwfGraphics><zSwfGraphics><id><string value="29_158621475"/></id><width><double value="28"/></width><height><double value="32"/></height><localToWorld><transform2D x="3538.8837670114367" y="-15988.890421260094" scale="14.552637723219258" rotation="-0.010557913695277383"/></localToWorld><onlineAssetId><string value="4183270406"/></onlineAssetId><onlineAssetUrl><string value="http://0103.static.prezi.com.s3.amazonaws.com/media/d/9/5/49b0c024e2ea1f5417d2e11b1d795955c0a4e.swf"/></onlineAssetUrl><assetSourceFilename><string value="prezi_template_buborek_teli.swf"/></assetSourceFilename></zSwfGraphics><zSwfGraphics><id><string value="30_158621475"/></id><width><double value="88"/></width><height><double value="89"/></height><localToWorld><transform2D x="4237.386581893234" y="-15966.548647385504" scale="5.18958085974849" rotation="-0.010557913695277414"/></localToWorld><onlineAssetId><string value="4183275830"/></onlineAssetId><onlineAssetUrl><string value="http://0103.static.prezi.com.s3.amazonaws.com/media/b/d/c/a85e09afa0dfbb9c85d13a2ae51e088f18e24.swf"/></onlineAssetUrl><assetSourceFilename><string value="prezi_template_matrica_feher.swf"/></assetSourceFilename></zSwfGraphics><zCircleFrame><id><string value="44_30863873"/></id><localToWorld><transform2D x="9145.3690278032" y="9583.88014147467" scale="9.682833684794758" rotation="0"/></localToWorld><styleClasses><array><token value="circle"/></array></styleClasses><width><double value="800"/></width><height><double value="800"/></height></zCircleFrame><zText><id><string value="45_30863873"/></id><text><text><width>258.857902077251</width><p align="center"><span><![CDATA[HADOOP CLUSTER FORMATION]]></span></p></text></text><localToWorld><transform2D x="9099.251216200471" y="7167.316411395864" scale="21.346511184724207" rotation="-2.7955420617360896E-33"/></localToWorld><styleClasses><array><token value="subtitle"/></array></styleClasses></zText><zText><id><string value="46_30863873"/></id><text><text><width>583.6155136159961</width><p indent="1" listType="bullet"><span><![CDATA[Local network was created. ]]></span></p><p indent="1" listType="bullet"><span><![CDATA[One Master node and two client nodes were created using Spark master-slave architecture. ]]></span></p></text></text><localToWorld><transform2D x="9146.732184704057" y="8343.641892280066" scale="11.19711746480332" rotation="-4.845002627262792E-33"/></localToWorld><styleClasses><array><token value="body"/></array></styleClasses></zText><zText><id><string value="151_30863873"/></id><text><text><width>504.78854250279966</width><p align="center"><span><![CDATA[Implementation of Page Rank and Analytics on US Transport Data]]></span></p></text></text><localToWorld><transform2D x="-358.35" y="-11394.45" scale="24.12913115982098" rotation="0"/></localToWorld><styleClasses><array><token value="title"/><token value="title-background"/></array></styleClasses></zText><zCircleFrame><id><string value="67_30863873"/></id><localToWorld><transform2D x="-5535.845425083749" y="14262.397535604818" scale="4.189513838105997" rotation="0"/></localToWorld><styleClasses><array><token value="circle"/></array></styleClasses><width><double value="800"/></width><height><double value="800"/></height></zCircleFrame><zText><id><string value="68_30863873"/></id><text><text><width>316.8460169893909</width><p align="center"><span><![CDATA[AIRPORTS WITH MOST DELAYED FLIGHTS ]]></span></p></text></text><localToWorld><transform2D x="-5545.535162944701" y="13236.323546817042" scale="8.396443636509906" rotation="-2.7955420617360865E-33"/></localToWorld><styleClasses><array><token value="subtitle"/></array></styleClasses></zText><zText><id><string value="69_30863873"/></id><text><text><width>570.6746518298766</width><p indent="1" listType="bullet"><span><![CDATA[The flight dataset is filtered using Spark to retrieve the data for fights having either departure delay or arrival delay. ]]></span></p><p indent="1" listType="bullet"><span><![CDATA[The outputs are collected for both the reasons and the airport with most delayed flights is calculated. ]]></span></p></text></text><localToWorld><transform2D x="-5533.25" y="14354.7" scale="5.329176158761505" rotation="-4.845002627262792E-33"/></localToWorld><styleClasses><array><token value="body"/></array></styleClasses></zText><zCircleFrame><id><string value="73_30863873"/></id><localToWorld><transform2D x="-11023.830896002626" y="13804.004819506385" scale="4.189513838105997" rotation="0"/></localToWorld><styleClasses><array><token value="circle"/></array></styleClasses><width><double value="800"/></width><height><double value="800"/></height></zCircleFrame><zText><id><string value="74_30863873"/></id><text><text><width>393.27254533343927</width><p align="center"><span><![CDATA[AIRPORTS WITH MOST CANCELED FLIGHTS]]></span></p></text></text><localToWorld><transform2D x="-11080.334381373052" y="12843.653099753385" scale="7.633130578645368" rotation="-2.7955420617360848E-33"/></localToWorld><styleClasses><array><token value="subtitle"/></array></styleClasses></zText><zText><id><string value="75_30863873"/></id><text><text><width>464.4352997557886</width><p indent="1" listType="bullet"><span><![CDATA[The flight dataset is filtered using Spark to retrieve the data for only the canceled flights.]]></span></p><p indent="1" listType="bullet"><span><![CDATA[PageRank algorithm was executed on network created for canceled flights. ]]></span></p></text></text><localToWorld><transform2D x="-11042.123176242085" y="13805.670468745197" scale="6.448303152101424" rotation="-4.8450026272627866E-33"/></localToWorld><styleClasses><array><token value="body"/></array></styleClasses></zText><zText><id><string value="1"/></id><text><text><width>316.2978426907437</width><p><span weight="bold" color="16777215"><![CDATA[By: ]]></span></p><p><span weight="bold" color="16777215"><![CDATA[Sharayu Mantri]]></span></p><p><span weight="bold" color="16777215"><![CDATA[Akhila Perabe]]></span></p><p><span weight="bold" color="16777215"><![CDATA[Taniya Riar]]></span></p><p><span weight="bold" color="16777215"><![CDATA[Rahul Kalra]]></span></p><p><span weight="bold" color="16777215"><![CDATA[Kavya Gupta]]></span></p></text></text><localToWorld><transform2D x="3721.4542643368072" y="-18096.836518228494" scale="15.127677176070852" rotation="0"/></localToWorld><styleClasses><array><token value="body"/></array></styleClasses></zText><zCircleFrame><id><string value="3"/></id><localToWorld><transform2D x="-17612.255072348828" y="13804.004819506385" scale="4.189489316564875" rotation="0"/></localToWorld><styleClasses><array><token value="circle"/></array></styleClasses><width><double value="800"/></width><height><double value="800"/></height></zCircleFrame><zCircleFrame><id><string value="8"/></id><localToWorld><transform2D x="-17612.255072348828" y="18408.749376413045" scale="4.189546486296217" rotation="0"/></localToWorld><styleClasses><array><token value="circle"/></array></styleClasses><width><double value="800"/></width><height><double value="800"/></height></zCircleFrame><zCircleFrame><id><string value="9"/></id><localToWorld><transform2D x="-11023.830896002626" y="18408.749376413045" scale="4.189537313140695" rotation="0"/></localToWorld><styleClasses><array><token value="circle"/></array></styleClasses><width><double value="800"/></width><height><double value="800"/></height></zCircleFrame><zCircleFrame><id><string value="14"/></id><localToWorld><transform2D x="-5535.845425083749" y="18867.112103553256" scale="4.18952001571842" rotation="0"/></localToWorld><styleClasses><array><token value="circle"/></array></styleClasses><width><double value="800"/></width><height><double value="800"/></height></zCircleFrame><zImage><id><string value="15"/></id><width><double value="376"/></width><height><double value="269"/></height><localToWorld><transform2D x="-4019.0999999999985" y="-14025.45" scale="10.092741064022016" rotation="0"/></localToWorld><onlineAssetId><string value="4960373799"/></onlineAssetId><onlineAssetUrl><string value="http://0103.static.prezi.com.s3.amazonaws.com/media/4/5/8/f16c102861a5ad6b263a6e735f0f877a17231.jpg"/></onlineAssetUrl><assetSourceFilename><string value="pagerank.jpg"/></assetSourceFilename></zImage><zLine><id><string value="29"/></id><localToWorld><transform2D x="-1236.6900386981945" y="-3312.366454070477" scale="38.38586652278459" rotation="1.570796326794894"/></localToWorld><startEndDistance><double value="74.20181486575426"/></startEndDistance><styleClasses><array><token value="line3"/></array></styleClasses></zLine><zText><id><string value="31"/></id><text><text><width>371.3376026274621</width><p><span weight="bold"><![CDATA[MOST CONNECTED AIRPORTS]]></span></p></text></text><localToWorld><transform2D x="-17512.71080281041" y="12903.732490671244" scale="7.863907468440673" rotation="0"/></localToWorld><styleClasses><array><token value="body"/></array></styleClasses></zText><zCircleFrame><id><string value="39"/></id><localToWorld><transform2D x="-12341.20972520014" y="-3659.633665342884" scale="9.029473823753492" rotation="0"/></localToWorld><styleClasses><array><token value="circle"/></array></styleClasses><width><double value="800"/></width><height><double value="800"/></height></zCircleFrame><zLine><id><string value="40"/></id><localToWorld><transform2D x="-12291.428923555806" y="1081.3914145031467" scale="38.38586652278458" rotation="1.5335539393087116"/></localToWorld><startEndDistance><double value="63.27676172499189"/></startEndDistance><styleClasses><array><token value="line3"/></array></styleClasses></zLine><zText><id><string value="61_30863873"/></id><text><text><width>151.6783480791319</width><p><span><![CDATA[PAGERANK]]></span></p><p><span><![CDATA[ALGORITHM]]></span></p></text></text><localToWorld><transform2D x="-11906.340018859824" y="3570.0551703759807" scale="27.893595306529093" rotation="0"/></localToWorld><styleClasses><array><token value="subtitle"/></array></styleClasses></zText><zText><id><string value="63_30863873"/></id><text><text><width>555.1700223913112</width><p><span><![CDATA["PageRank (PR) is an algorithm used by Google Search to rank websites in their search engine results."]]></span></p><p/><p><span><![CDATA["PageRank works by counting the number and quality of links to a page to determine a rough estimate of how important the website is. The underlying assumption is that more important websites are likely to receive more links from other websites."]]></span></p><p indent="10"><span style="italic"><![CDATA[-Wikipedia]]></span></p><p indent="13"><span><![CDATA[ ]]></span></p></text></text><localToWorld><transform2D x="-12151.295334905075" y="-3052.5618127236366" scale="11.25641776410512" rotation="-4.845002627262791E-33"/></localToWorld><styleClasses><array><token value="body"/></array></styleClasses></zText><zText><id><string value="41"/></id><text><text><width>715.4188609243921</width><p><span><![CDATA[The input to PageRank is a directed graph in which the vertices represents the airports and each directed edge represents a flight path from one airport to another. ]]></span></p><p/><p><span><![CDATA[The flight dataset from Hadoop file system is consumed by our PageRank Algorithm written in Spark, then the output is transformed into coordinate maps using MatPlotLib library. ]]></span></p><p/><p><span><![CDATA[We used PageRank algorithm on flight data set to determine:]]></span></p><p><span><![CDATA[1. Most connected airports.]]></span></p><p><span><![CDATA[2. Arrival airports with most "canceled" flights. ]]></span></p><p><span><![CDATA[3. Airports with most "delayed" flights. ]]></span></p><p/></text></text><localToWorld><transform2D x="-11725.70265515678" y="6364.846667928836" scale="9.63433936203725" rotation="0"/></localToWorld><styleClasses><array><token value="body"/></array></styleClasses></zText><zText><id><string value="42"/></id><text><text><width>197.24389101915193</width><p><span><![CDATA[PAGERANK]]></span></p></text></text><localToWorld><transform2D x="-11578.785139370442" y="-5569.007992096575" scale="24.12913115982097" rotation="0"/></localToWorld><styleClasses><array><token value="subtitle"/></array></styleClasses></zText><zText><id><string value="43"/></id><text><text><width>567.1324761480828</width><p><span weight="normal"><![CDATA[We run our PageRank algorithm in two steps:]]></span></p><p/><p><span weight="normal"><![CDATA[1. To determine the airport with most incoming flights. ]]></span></p><p><span weight="normal"><![CDATA[2. To determine the airport with most outgoing flights. ]]></span></p><p/><p><span weight="normal"><![CDATA[The result from both the steps are aggregated to determine the most connected airport. ]]></span></p></text></text><localToWorld><transform2D x="-17562.470883511283" y="13958.354784199037" scale="5.37115461269085" rotation="0"/></localToWorld><styleClasses><array><token value="subtitle"/></array></styleClasses></zText><zCircleFrame><id><string value="0_168595491"/></id><localToWorld><transform2D x="14704.665792282549" y="-17574.33562207204" scale="7.6093731952697405" rotation="0"/></localToWorld><styleClasses><array><token value="circle"/></array></styleClasses><width><double value="949.345703125"/></width><height><double value="949.345703125"/></height></zCircleFrame><zText><id><string value="1_168595491"/></id><text><text><width>355.41337486723125</width><p><span><![CDATA[MOTIVATION]]></span></p></text></text><localToWorld><transform2D x="17565.621647049964" y="-19606.757457458018" scale="27.48789458616164" rotation="0"/></localToWorld><styleClasses><array><token value="subtitle"/></array></styleClasses></zText><zCircleFrame><id><string value="2_168595491"/></id><localToWorld><transform2D x="-13859.842775791834" y="-17574.33562207204" scale="9.029505752769706" rotation="0"/></localToWorld><styleClasses><array><token value="circle"/></array></styleClasses><width><double value="800"/></width><height><double value="800"/></height></zCircleFrame><zText><id><string value="3_168595491"/></id><text><text><width>-254.61599999999999</width><p><span><![CDATA[RELATED LITERATURE]]></span></p></text></text><localToWorld><transform2D x="-13805.148075215118" y="-19775.207062096444" scale="18.208091963476427" rotation="0"/></localToWorld><styleClasses><array><token value="subtitle"/></array></styleClasses></zText><zText><id><string value="4_168595491"/></id><text><text><width>661.8665083298615</width><p><span><![CDATA[1. Page Rank on Flight Dataset:]]></span></p><p><span><![CDATA[https://www.mongodb.com/blog/post/pagerank-on-flights-dataset]]></span></p><p/><p/><p><span><![CDATA[2. PageRank Citation Ranking:  ]]></span></p><p><span><![CDATA[http://ilpubs.stanford.edu:8090/422/1/1999-66.pdf]]></span></p></text></text><localToWorld><transform2D x="-13517.547575889605" y="-17434.248055028664" scale="11.13872564802596" rotation="0"/></localToWorld><styleClasses><array><token value="body"/></array></styleClasses></zText><zText><id><string value="5_168595491"/></id><text><text><width>557.335716523322</width><p indent="1" listType="bullet"><span><![CDATA[There is a huge dataset for domestic flights all over the United States. There is a need to analyze this data for Airport Business Industry. ]]></span></p><p indent="1" listType="bullet" align="justify"><span><![CDATA[PageRank algorithm will work better for the analysis of big network based problems.]]></span></p><p indent="1" listType="bullet" align="justify"><span><![CDATA[ We are using Spark Framework to process the Big Data in parralel and distributed environment. Thus, increasing the processing speed.]]></span></p></text></text><localToWorld><transform2D x="14723.00221663893" y="-17212.126848625492" scale="11.365647765643022" rotation="0"/></localToWorld><styleClasses><array><token value="body"/></array></styleClasses></zText><zImage><id><string value="6_168595491"/></id><width><double value="1303"/></width><height><double value="706"/></height><localToWorld><transform2D x="9145.08448940559" y="10536.663548027744" scale="3.838691976461547" rotation="0"/></localToWorld><onlineAssetId><string value="4960674115"/></onlineAssetId><onlineAssetUrl><string value="http://0103.static.prezi.com.s3.amazonaws.com/media/8/f/d/2617905dc3a21386a9faf9530702e51233fed.jpeg"/></onlineAssetUrl><assetSourceFilename><string value="WhatsApp Image 2018-05-06 at 2.51.10 PM.jpeg"/></assetSourceFilename></zImage><zImage><id><string value="7_168595491"/></id><width><double value="1301"/></width><height><double value="710"/></height><localToWorld><transform2D x="-17584.601423113734" y="18365.061516611957" scale="2.2222810369821104" rotation="0"/></localToWorld><onlineAssetId><string value="4960682317"/></onlineAssetId><onlineAssetUrl><string value="http://0103.static.prezi.com.s3.amazonaws.com/media/3/0/3/8475c30f84ef31c7398bb3d517793509d5374.png"/></onlineAssetUrl><assetSourceFilename><string value="Conn_2017.png"/></assetSourceFilename></zImage><zText><id><string value="8_168595491"/></id><text><text><width>152.7300369047198</width><p><span><![CDATA[RESULTS]]></span></p></text></text><localToWorld><transform2D x="-17571.659758410522" y="17013.961277082704" scale="8.276405437943822" rotation="0"/></localToWorld><styleClasses><array><token value="subtitle"/></array></styleClasses></zText><zImage><id><string value="12_168595491"/></id><width><double value="1301"/></width><height><double value="710"/></height><localToWorld><transform2D x="-11025.973338821335" y="18421.77370387423" scale="2.1891874330506775" rotation="0"/></localToWorld><onlineAssetId><string value="4960684986"/></onlineAssetId><onlineAssetUrl><string value="http://0103.static.prezi.com.s3.amazonaws.com/media/3/5/9/6bf2051865396740496679000d9046eae2a1a.png"/></onlineAssetUrl><assetSourceFilename><string value="Cancel_2017.png"/></assetSourceFilename></zImage><zText><id><string value="11_168595491"/></id><text><text><width>-103.488</width><p><span><![CDATA[RESULTS]]></span></p></text></text><localToWorld><transform2D x="-11062.194065624302" y="16989.971420651167" scale="11.471289812248491" rotation="0"/></localToWorld><styleClasses><array><token value="subtitle"/></array></styleClasses></zText><zText><id><string value="13_168595491"/></id><text><text><width>-319.752</width><p><span weight="normal"><![CDATA[Fig: Most connected airports]]></span></p></text></text><localToWorld><transform2D x="-17651.70357353437" y="19040.244557086575" scale="3.190912577197324" rotation="0"/></localToWorld><styleClasses><array><token value="subtitle"/></array></styleClasses></zText><zText><id><string value="14_168595491"/></id><text><text><width>479.6442440533323</width><p><span weight="normal"><![CDATA[Fig: Airports with most canceled flights.]]></span></p></text></text><localToWorld><transform2D x="-10950.074938952916" y="19095.97157185037" scale="3.861004218408763" rotation="0"/></localToWorld><styleClasses><array><token value="subtitle"/></array></styleClasses></zText><zImage><id><string value="15_168595491"/></id><width><double value="1301"/></width><height><double value="710"/></height><localToWorld><transform2D x="-5513.605166965364" y="18794.305998643496" scale="2.1891874330506775" rotation="0"/></localToWorld><onlineAssetId><string value="4960686817"/></onlineAssetId><onlineAssetUrl><string value="http://0103.static.prezi.com.s3.amazonaws.com/media/3/e/f/2f43cc596293b4a8d0ea29bdd91708a53fddf.png"/></onlineAssetUrl><assetSourceFilename><string value="Delay_2017.png"/></assetSourceFilename></zImage><zText><id><string value="16_168595491"/></id><text><text><width>124.09859208408312</width><p><span><![CDATA[RESULTS]]></span></p></text></text><localToWorld><transform2D x="-5557.02001051449" y="17499.272822323728" scale="9.104045981738212" rotation="0"/></localToWorld><styleClasses><array><token value="subtitle"/></array></styleClasses></zText><zText><id><string value="17_168595491"/></id><text><text><width>445.19592910608793</width><p indent="1" listType="bullet"><span><![CDATA[Hartsfield-Jackson Atlanta is the most connected airport.]]></span></p></text></text><localToWorld><transform2D x="-17480.69892468484" y="17382.95123895096" scale="5.652896276172273" rotation="0"/></localToWorld><styleClasses><array><token value="body"/></array></styleClasses></zText><zText><id><string value="18_168595491"/></id><text><text><width>557.4396920489803</width><p indent="1" listType="bullet"><span><![CDATA[Airports on the coastal regions appear to have most canceled flights in 2017. ]]></span></p></text></text><localToWorld><transform2D x="-11097.446178311717" y="17490.483432122855" scale="4.671815104274603" rotation="0"/></localToWorld><styleClasses><array><token value="body"/></array></styleClasses></zText><zText><id><string value="19_168595491"/></id><text><text><width>554.603791181207</width><p><span><![CDATA[Fig: Airports with most delayed flights in 2017.]]></span></p></text></text><localToWorld><transform2D x="-5344.691255981871" y="19506.68819170833" scale="4.247104640249639" rotation="0"/></localToWorld><styleClasses><array><token value="body"/></array></styleClasses></zText><zText><id><string value="20_168595491"/></id><text><text><width>608.6498792367536</width><p indent="1" listType="bullet"><span><![CDATA[The results for airports with most delayed flights seems to be distributed. ]]></span></p></text></text><localToWorld><transform2D x="-5525.8568764123" y="17823.969226919955" scale="4.247104640249639" rotation="0"/></localToWorld><styleClasses><array><token value="body"/></array></styleClasses></zText><zCircleFrame><id><string value="23_168595491"/></id><localToWorld><transform2D x="15658.709619129166" y="-8082.897435800987" scale="9.029535446465491" rotation="0"/></localToWorld><styleClasses><array><token value="circle"/></array></styleClasses><width><double value="800"/></width><height><double value="800"/></height></zCircleFrame><zText><id><string value="24_168595491"/></id><text><text><width>186.81763065175875</width><p><span weight="bold"><![CDATA[PERFORMANCE EVALUATION]]></span></p></text></text><localToWorld><transform2D x="15632.516676919307" y="-10692.73962557624" scale="20.028901159824056" rotation="0"/></localToWorld><styleClasses><array><token value="body"/></array></styleClasses></zText><zText><id><string value="25_168595491"/></id><text><text><width>-242.49599999999998</width><p><span weight="bold"><![CDATA[Manual aggregation  ]]></span></p><p indent="1" listType="bullet"><span><![CDATA[Atlanta]]></span></p><p indent="1" listType="bullet"><span><![CDATA[Chicago ]]></span></p><p indent="1" listType="bullet"><span><![CDATA[Dallas Fort Worth ]]></span></p><p indent="1" listType="bullet"><span><![CDATA[Charlotte NC ]]></span></p><p indent="1" listType="bullet"><span><![CDATA[Denver ]]></span></p><p/></text></text><localToWorld><transform2D x="14141.925020265648" y="-8203.563665083735" scale="12.436371807578997" rotation="0"/></localToWorld><styleClasses><array><token value="body"/></array></styleClasses></zText><zText><id><string value="26_168595491"/></id><text><text><width>259.0226480568447</width><p><span weight="bold"><![CDATA[PageRank ]]></span></p><p indent="1" listType="bullet"><span><![CDATA[Atlanta 32.24]]></span></p><p indent="1" listType="bullet"><span><![CDATA[Chicago 28.55 ]]></span></p><p indent="1" listType="bullet"><span><![CDATA[Dallas 27.30]]></span></p><p indent="1" listType="bullet"><span><![CDATA[Denver 21.89]]></span></p><p indent="1" listType="bullet"><span><![CDATA[Charlotte NC 19.45]]></span></p></text></text><localToWorld><transform2D x="17431.788409115936" y="-8378.77893020748" scale="12.436371807578997" rotation="0"/></localToWorld><styleClasses><array><token value="body"/></array></styleClasses></zText><zCircleFrame><id><string value="27_168595491"/></id><localToWorld><transform2D x="12931.634027326674" y="1854.9023437482615" scale="9.02950889047636" rotation="0"/></localToWorld><styleClasses><array><token value="circle"/></array></styleClasses><width><double value="800"/></width><height><double value="800"/></height></zCircleFrame><zText><id><string value="28_168595491"/></id><text><text><width>-158.208</width><p><span weight="bold"><![CDATA[CONCLUSION]]></span></p></text></text><localToWorld><transform2D x="12778.8" y="28.45" scale="29.418694877971067" rotation="0"/></localToWorld><styleClasses><array><token value="body"/></array></styleClasses></zText><zText><id><string value="29_168595491"/></id><text><text><width>442.5920633484686</width><p indent="1" listType="bullet"><span><![CDATA[PageRank works quicker for huge flights network.]]></span></p><p indent="1" listType="bullet"><span><![CDATA[PageRank algorithm can be used for other datasets, which can be represented by a network.   ]]></span></p></text></text><localToWorld><transform2D x="13050.575666417752" y="2106.1835790983137" scale="17.06781987455007" rotation="0"/></localToWorld><styleClasses><array><token value="body"/></array></styleClasses></zText><zCircleFrame><id><string value="30_168595491"/></id><localToWorld><transform2D x="5302.434089623882" y="17413.604066464697" scale="6.992095544889368" rotation="0"/></localToWorld><styleClasses><array><token value="circle"/></array></styleClasses><width><double value="800"/></width><height><double value="800"/></height></zCircleFrame><zText><id><string value="31_168595491"/></id><text><text><width>-162.24</width><p><span weight="bold"><![CDATA[THANK YOU..! ]]></span></p></text></text><localToWorld><transform2D x="5258.2" y="15589.35" scale="22.031791275806462" rotation="0"/></localToWorld><styleClasses><array><token value="body"/></array></styleClasses></zText><zText><id><string value="9_168595491"/></id><text><text><width>-298.65599999999995</width><p><span style="italic"><![CDATA[Test Data for Jan 2017 Data]]></span></p></text></text><localToWorld><transform2D x="15439.473171845893" y="-6331.67399452257" scale="11.305792552344542" rotation="0"/></localToWorld><styleClasses><array><token value="body"/></array></styleClasses></zText><zCircleFrame><id><string value="10_168595491"/></id><localToWorld><transform2D x="-16403.4" y="-10935.6" scale="6.197006334439503" rotation="0"/></localToWorld><styleClasses><array><token value="circle"/></array></styleClasses><width><double value="800"/></width><height><double value="800"/></height></zCircleFrame><zText><id><string value="32_168595491"/></id><text><text><width>-234.72000000000003</width><p><span weight="bold"><![CDATA[OTHER TOOLS USED]]></span></p><p/></text></text><localToWorld><transform2D x="-16279.95" y="-11863.091999999999" scale="16" rotation="0"/></localToWorld><styleClasses><array><token value="body"/></array></styleClasses></zText><zText><id><string value="33_168595491"/></id><text><text><width>458.4181924751925</width><p indent="1" listType="bullet"><span><![CDATA[Databricks]]></span></p><p indent="1" listType="bullet"><span><![CDATA[Prezi (free online tool for presentation)]]></span></p><p indent="1" listType="bullet"><span><![CDATA[Google Maps API]]></span></p></text></text><localToWorld><transform2D x="-15323.99207960708" y="-10485.403380916601" scale="12.021036814425242" rotation="0"/></localToWorld><styleClasses><array><token value="body"/></array></styleClasses></zText><zImage><id><string value="34_168595491"/></id><width><double value="719"/></width><height><double value="405"/></height><localToWorld><transform2D x="5316.75" y="17532.05" scale="6.4997731005383175" rotation="0"/></localToWorld><onlineAssetId><string value="4961141293"/></onlineAssetId><onlineAssetUrl><string value="http://0103.static.prezi.com.s3.amazonaws.com/media/a/d/3/50ad1b6376c5838b73905515705de7216064e.jpeg"/></onlineAssetUrl><assetSourceFilename><string value="new.jpeg"/></assetSourceFilename></zImage></array></zObjects></prezi>